MODELS,Precision,Recall,F1-Score,AUC-Score
ann_without_stemming,0.806122,0.618153,0.699734,0.753972
simple_rnn,0.797642,0.635368,0.707317,0.757939
bi-lstm,0.847222,0.57277,0.683473,0.748102
glove-cnn-bigru,0.852595,0.615023,0.714545,0.768069
glove-bilstm,0.798464,0.651017,0.717241,0.764604
